Week,function_name,X,y
Wk1,function_1,"[0.731675, 0.839409]",3.12233497145615E-39
Wk1,function_2,"[0.712515, 0.494346]",0.777893037219951
Wk1,function_3,"[0.547743, 0.746338, 0.693233]",-0.147874292667893
Wk1,function_4,"[0.682500, 0.617123, 0.542385, 0.592280]",-10.965828083911000
Wk1,function_5,"[0.480758, 0.517638, 0.582616, 0.807785]",31.221940365954000
Wk1,function_6,"[0.667817, 0.609650, 0.690965, 0.802991, 0.441426]",-0.877484280033010
Wk1,function_7,"[0.533615, 0.445077, 0.569938, 0.513910, 0.564233, 0.691971]",0.365989616083413
Wk1,function_8,"[0.567688, 0.531827, 0.549521, 0.440320, 0.721309, 0.627439, 0.608297, 0.691597]",8.450875983739600
