Week,function_name,X,y
Wk4,function_1,"[0.696970, 0.000000]",-6.7884196E-179
Wk4,function_2,"[0.597315, 0.375839]",-0.003564681
Wk4,function_3,"[0.539540, 0.749563, 0.706230]",-0.122399528
Wk4,function_4,"[0.496111, 0.398153, 0.303064, 0.388596]",-2.739593586
Wk4,function_5,"[0.228430, 0.000229, 0.002232, 0.955767]",91.81056007
Wk4,function_6,"[0.478249, 0.197222, 0.889831, 0.917423, 0.201802]",-0.706715533
Wk4,function_7,"[0.039417, 0.385379, 0.735528, 0.165682, 0.254180, 0.742867]",1.873268263
Wk4,function_8,"[0.030705, 0.156590, 0.119116, 0.013055, 0.815887, 0.557610, 0.111981, 0.056969]",9.922815595
